3063229;SOMATOLINE COSM. A/CELLULITIS GEVORDERD 150ML;38.50;0.15;32.72;Verzorging lichaam
3186962;SOMATOLINE COSM. MAN AFSLANKKUUR 10 NACHTEN 250ML;49.00;0.15;41.65;Verzorging lichaam
3063237;SOMATOLINE COSM.A/CELLULITIS DRAINEREND 150ML;34.90;0.15;29.66;Verzorging lichaam
3180338;SOMATOLINE COSM.AFSLANKEND 50+ 150ML;43.50;0.15;36.97;Verzorging lichaam
3180353;SOMATOLINE COSM.AFSLANKEND 50+ 250ML;54.90;0.15;46.66;Verzorging lichaam
3063245;SOMATOLINE COSM.AFSLANKEND DRAINEREND BENEN 200ML;39.00;0.15;33.15;Verzorging lichaam
3063195;SOMATOLINE COSM.BUIK&HEUP ZONE ADVANCE 1 150ML;39.50;0.15;33.57;Verzorging lichaam
3063203;SOMATOLINE COSM.BUIK&HEUP ZONE ADVANCE 1 300ML;62.50;0.15;53.12;Verzorging lichaam
3160900;SOMATOLINE COSM.INTENS.AFSLANKKUUR 7 NACHTEN 400ML;53.00;0.15;45.05;Verzorging lichaam
2736015;SOMATOLINE COSM.INTENSE NACHTKUUR ABDOMEN 300ML;61.00;0.15;51.85;Verzorging lichaam
2750354;SOMATOLINE COSM.KUUR TOTAL BODY AFSLANK. NF 200ML;38.50;0.15;32.72;Verzorging lichaam
3063179;SOMATOLINE COSM.MAN INTENSIEVE NACHTKUUR 10 150ML;38.50;0.15;32.72;Verzorging lichaam
3160918;SOMATOLINE COSM.MAN TOP DEFINITION SPORT 200ML;42.00;0.15;35.70;Verzorging lichaam
2835338;SOMATOLINE COSM.MENOPAUSE CREME 150ML;42.49;0.15;36.12;Verzorging lichaam
2974483;SOMATOLINE COSM.STUBBORN AREAS BEHAND.INTENS 100ML;39.90;0.15;33.91;Verzorging lichaam
434753;SOMEX EMULSION/ EMULSIE 100ML;7.50;0.15;6.37;Verzorging lichaam
3170313;SOREFIX CREME KOORTSBLAASJES TUBE 6ML;9.45;0.15;8.03;Lippen
3102134;SORIA CREME HYDRATEREN GEMENGD HUID 50ML;24.75;0.15;21.04;Dag- en nachtcrème
1157395;SORIA CRISALIDA-G CR A/RIMPEL 30ML;24.95;0.15;21.21;Dag- en nachtcrème
2160380;SORIA DAUCUS CAROTA BLISTER TABL 60X600MG;12.75;0.15;10.84;Zonnebank
1677830;SORIA DERMOSOR HERBAFYT MONDGEL SPRAY 5G;5.95;0.15;5.06;Lippen
2105294;SORIA HAIR POTENCY TABL 60;14.95;0.15;12.71;Haarverzorging
1196617;SORIA HANDCREME LIMON 100G;12.75;0.15;10.84;Droge handen
2096196;SORIA PEDIPUR OLIE VOETEN SPRAY 30ML;12.75;0.15;10.84;Droge voeten
2060721;SORIA PEDISOL PDR VOETEN STROOIBUS 100G;12.75;0.15;10.84;Zweetvoeten
1705888;SORIA PELOPUR LOTION ANTI LUIZEN FL SPRAY 100ML;8.95;0.15;7.61;Haarverzorging
1359017;SORIA PROPOLIS LIPPENBALSEM STICK 4G;3.95;0.15;3.36;Lippen
3260932;SORIA SHAMPOO ANTI HAIRFALL NF 200ML;13.95;0.15;11.86;Haarverzorging
482570;SORIFA SUDINE HYPERHYDROSE VOETEN PDR ZAKJE 6;8.20;0.15;6.97;Zweetvoeten
2117430;SORIFA SUDINE NAVULLING 1L;58.25;0.15;49.51;Zweetvoeten
2682169;SPECILIFT CREME POMPFL 40ML;33.83;0.10;30.45;Dag- en nachtcrème
2682185;SPECILIFT OOGCONTOUR POMPFL 15ML;27.03;0.10;24.33;Ogen
2682185;SPECILIFT OOGCONTOUR POMPFL 15ML;27.03;0.10;24.33;Dag- en nachtcrème
2536332;SQUAPHANE S SH KERATOREGULEREND FORT 125ML;11.50;0.15;9.77;Haarverzorging
2906659;STELLISEPT MED WASLOTION 100ML;3.92;0.15;3.33;Bad en douche
2906659;STELLISEPT MED WASLOTION 100ML;3.92;0.15;3.33;Ontsmetting en zeep
2646255;STERILLIUM ONTSMETTING HANDEN GEL 100ML;3.51;0.15;2.98;Ontsmetting en zeep
1256601;STOKO HAIR & BODY HUIDREINIGING 250ML;7.73;0.15;6.57;Bad en douche
3048402;STOKOLAN CLASSIC PARF TUBE 100ML;6.64;0.15;5.64;Droge handen
3048246;STOKOLAN HAND & BODY FL 250ML;11.10;0.15;9.43;Droge handen
3048238;STOKOLAN HAND & BODY TUBE 100ML;5.65;0.15;4.80;Droge handen
3048295;STOKOLAN INTENSIVE REPAIR FL 250ML;15.76;0.15;13.40;Droge handen
3048261;STOKOLAN SENSITIVE TUBE 100ML;6.64;0.15;5.64;Droge handen
3048410;STOKOLAN SOFT&CARE TUBE 100ML;6.15;0.15;5.23;Droge handen
3145406;SUNBADA AFTERSUN FL 200ML;12.95;0.15;11.01;After sun
3145380;SUNBADA HIGH 30SPF FL 200ML;22.95;0.15;19.51;Lichaam en gelaat
3145372;SUNBADA MEDIUM 20SPF FL 200ML;19.95;0.15;16.96;Lichaam en gelaat
3145398;SUNBADA VERY HIGH 50SPF FL 200ML;24.95;0.15;21.21;Lichaam en gelaat
2450104;SVR 50 COMPACT BEIGE CLAIR 10ML;17.17;0.10;15.45;Gelaat 50+ en 30+
2450104;SVR 50 COMPACT BEIGE CLAIR 10ML;17.17;0.10;15.45;Gezicht
2619914;SVR 50 ECRAN MINERAL TEINT CREME 50ML;16.92;0.10;15.23;Gelaat 50+ en 30+
2619922;SVR 50 ECRAN MINERAL TEINT CREME DH 50ML;18.45;0.10;16.60;Gelaat 50+ en 30+
2619906;SVR 50+ ULTRA MAX CREME NF 50ML;19.88;0.10;17.89;Gelaat 50+ en 30+
2936276;Svr Bescherming A/age Creme Ip30 Tube 50ml;40.93;0.05;38.89;Gelaat 50+ en 30+
2539344;Svr Labial Stick 4g;6.96;0.05;6.61;Lippen
2712776;Svr Provegol Reinigingsgel Overvet 200ml;13.85;0.05;13.16;Bad en douche
2649549;SVR RUBIALINE CREME IP50 TUBE 50ML;23.43;0.15;19.92;Roodheid verzorging
2649549;SVR RUBIALINE CREME IP50 TUBE 50ML;23.43;0.15;19.92;Gelaat 50+ en 30+
2936300;SVR SERUM A/AGE RENOVEREND POMPFL 15ML;42.33;0.10;38.10;Masker en serum
3008059;SVR SPIRIAL DEO A/TRANSP.GELCREME ROLL-ON 50ML;10.07;0.10;9.06;Lotion en roller
3008075;SVR SPIRIAL DEO A/TRANSP.PLANTAARDIG ROLL-ON 50ML;10.07;0.10;9.06;Lotion en roller
3004249;SVR SPIRIAL DEO A/TRANSPIRANT CREME 50ML;11.57;0.10;10.41;Creme
3008067;SVR SPIRIAL DEO A/TRANSPIRANT SPRAY FL 100ML;11.73;0.10;10.56;Verstuiver
2649572;Svr Xerial Creme Kloven En Barsten Tube 40ml;14.50;0.05;13.77;Droge handen
2649572;Svr Xerial Creme Kloven En Barsten Tube 40ml;14.50;0.05;13.77;Kloven. eelt. blaren en likdoorns
2649572;Svr Xerial Creme Kloven En Barsten Tube 40ml;14.50;0.05;13.77;Kloven
3103751;SYNEO 5 DEO A/TRANSPIRANT 30ML;22.59;0.15;19.20;Lotion en roller
3103777;SYNEO 5 DEO A/TRANSPIRANT ROLL-ON 50ML;32.62;0.15;27.73;Lotion en roller
3103769;SYNEO 5 MAN DEO A/TRANSPIRANT 30ML;22.59;0.15;19.20;Lotion en roller
3103785;SYNEO 5 MAN DEO A/TRANSPIRANT ROLL-ON 50ML;32.62;0.15;27.73;Lotion en roller
3103793;SYNEO DRY HANDS 40ML;16.09;0.15;13.68;Zweethanden
3244548;TENA SHAMPOO & SHOWER NF 500ML 1207;5.67;0.15;4.82;Bad en douche
2799351;TOPIALYSE CREME VERZACHTEND TUBE 200ML;19.50;0.15;16.57;Verzorging lichaam
2799369;Topialyse Creme Verzachtend Tube 500ml;26.54;0.05;25.20;Verzorging lichaam
3262318;TOPIALYSE HANDCREME TUBE 50ML;8.17;0.10;7.35;Droge handen
3262334;TOPIALYSE LIPPENSTIFT 4G;6.67;0.10;6.00;Lippen
2799401;Topialyse Palpebral Gel Creme Tube 10ml;20.36;0.05;19.35;Ogen
3262326;TOPIALYSE PALPEBRAL TUBE 15ML;20.17;0.15;17.14;Beschadigde en geirriteerde huid
3260684;TOPIALYSE VERZACHTENDE CREME POMPFL 400ML;21.83;0.10;19.65;Verzorging lichaam
3260692;TOPIALYSE WASCREME POMPFL 400ML;16.66;0.15;14.16;Bad en douche
2799377;TOPIALYSE WASCREME TUBE 200ML;12.92;0.10;11.63;Bad en douche
3297975;TOPICREM CICA CREME HERSTELLEND 40ML;8.60;0.15;7.31;Beschadigde en geirriteerde huid
3086303;TOPICREM CREME HYDRA IP50 GEZICHT-LICH. TUBE 75ML;18.00;0.15;15.30;Gelaat 50+ en 30+
3118890;TOPICREM DA BALSEM LICHAAM-GELAAT POMP 500ML;23.00;0.15;19.55;Verzorging lichaam
2978484;TOPICREM DA BALSEM LICHAAM-GELAAT TUBE 200ML;14.50;0.15;12.32;Verzorging lichaam
1286525;TOPICREM HYDRA LICHAAMSMELK 500ML;16.99;0.15;14.44;Verzorging lichaam
2372738;TOPIDERM ANTIROOS SHAMPOO 200ML CFR TOP-SHAMPOO;10.20;0.15;8.67;Haarverzorging
2586949;TOPIDERM BADOLIE 500ML;17.40;0.15;14.79;Bad en douche
2372746;TOPIDERM DAGCREME 50ML CFR PANNOBASE;10.90;0.15;9.26;Dag- en nachtcrème
2452753;TOPIDERM DOUCHE OLIE 200ML;10.40;0.15;8.84;Bad en douche
2372720;TOPIDERM REINIGINGSGEL VH 200ML CFR PANNOCLEAN;10.20;0.15;8.67;Acné-huid
3258951;TOPIDERM REPAIR LOTION 400ML;17.80;0.15;15.13;Verzorging lichaam
2936169;TOPIDERM SHAMPOO DUO SH + SCHILFERBLOCK 2X200ML;19.20;0.15;16.32;Haarverzorging
2372670;TOPIDERM ZUIVERENDE GEL 30ML CFR PANNOMEDON GEL;9.85;0.15;8.37;Acné-huid
3311917;TRAVELBAC PROBIO HANDGEL 100ML;6.78;0.15;5.76;Ontsmetting en zeep
3311909;TRAVELBAC PROBIO HANDGEL 30ML;4.50;0.15;3.82;Ontsmetting en zeep
3152972;URGO PUISTJES FILMOGEL STYLO 1X2ML;13.99;0.15;11.89;Acné-huid
2928687;URIAGE AQUAPRECIS CREME COMF HYDRA DYN. TBE 40ML;20.50;0.15;17.42;Dag- en nachtcrème
2928646;URIAGE AQUAPRECIS FLUIDE PROT.IP20 HYDRA TBE 40ML;22.94;0.15;19.50;Dag- en nachtcrème
2928596;URIAGE AQUAPRECIS GEL-CR HYDRA DYNAMIC TBE 40ML;20.50;0.15;17.42;Dag- en nachtcrème
